"plot","treatment","sp1","sp2","focal","sp1_count","sp2_count"
500,"split","FE","UR","AC",53,33
500,"split","FE","UR","SA",51,17
500,"split","FE","UR","UR",40,18
501,"split","PL","SA","AC",44,51
501,"split","PL","SA","SA",33,12
501,"split","PL","SA","UR",28,24
502,"split","AC","UR","AC",11,28
502,"split","AC","UR","SA",4,14
502,"split","AC","UR","UR",9,21
503,"mix","SA","UR","AC",18,31
503,"mix","SA","UR","SA",42,22
503,"mix","SA","UR","UR",52,25
504,"mix","FE","SA","AC",60,28
504,"mix","FE","SA","SA",44,26
504,"mix","FE","SA","UR",49,30
505,"split","AC","FE","AC",11,25
505,"split","AC","FE","SA",13,44
505,"split","AC","FE","UR",19,6
506,"split","AC","SA","AC",12,32
506,"split","AC","SA","SA",16,42
506,"split","AC","SA","UR",17,61
507,"mix","AC","UR","AC",11,18
507,"mix","AC","UR","SA",11,21
507,"mix","AC","UR","UR",5,19
508,"mix","AC","FE","AC",7,29
508,"mix","AC","FE","SA",14,27
508,"mix","AC","FE","UR",5,38
509,"mix","AC","SA","AC",14,43
509,"mix","AC","SA","SA",8,54
509,"mix","AC","SA","UR",9,40
510,"mix","PL","UR","AC",0,21
510,"mix","PL","UR","SA",8,24
510,"mix","PL","UR","UR",36,20
511,"mix","FE","PL","AC",16,22
511,"mix","FE","PL","SA",12,7
511,"mix","FE","PL","UR",32,29
512,"split","AC","PL","AC",21,30
512,"split","AC","PL","SA",11,15
512,"split","AC","PL","UR",3,17
513,"mix","PL","SA","AC",32,44
513,"mix","PL","SA","SA",40,53
513,"mix","PL","SA","UR",22,24
514,"mix","AC","PL","AC",15,54
514,"mix","AC","PL","SA",11,41
514,"mix","AC","PL","UR",8,20
515,"split","SA","UR","AC",41,26
515,"split","SA","UR","SA",58,20
515,"split","SA","UR","UR",42,25
516,"split","PL","UR","AC",38,23
516,"split","PL","UR","SA",21,36
516,"split","PL","UR","UR",29,24
517,"mix","FE","UR","AC",30,32
517,"mix","FE","UR","SA",23,15
517,"mix","FE","UR","UR",24,22
518,"bare",NA,NA,"AC",0,0
518,"bare",NA,NA,"SA",0,0
518,"bare",NA,NA,"UR",0,0
519,"split","FE","PL","AC",33,53
519,"split","FE","PL","SA",37,34
519,"split","FE","PL","UR",34,29
520,"split","FE","SA","AC",27,44
520,"split","FE","SA","SA",16,13
520,"split","FE","SA","UR",28,27
521,"split","AC","PL","AC",12,15
521,"split","AC","PL","SA",8,13
521,"split","AC","PL","UR",7,27
522,"mix","AC","UR","AC",5,12
522,"mix","AC","UR","SA",7,10
522,"mix","AC","UR","UR",16,8
523,"mix","AC","PL","AC",8,18
523,"mix","AC","PL","SA",11,15
523,"mix","AC","PL","UR",8,23
524,"split","FE","SA","AC",34,30
524,"split","FE","SA","SA",28,23
524,"split","FE","SA","UR",15,13
525,"split","AC","FE","AC",21,43
525,"split","AC","FE","SA",13,25
525,"split","AC","FE","UR",23,22
526,"split","FE","PL","AC",29,6
526,"split","FE","PL","SA",29,17
526,"split","FE","PL","UR",28,44
527,"split","PL","SA","AC",24,38
527,"split","PL","SA","SA",16,44
527,"split","PL","SA","UR",13,43
528,"split","PL","UR","AC",29,30
528,"split","PL","UR","SA",6,19
528,"split","PL","UR","UR",25,14
529,"mix","SA","UR","AC",39,27
529,"mix","SA","UR","SA",56,39
529,"mix","SA","UR","UR",61,30
530,"mix","PL","SA","AC",32,21
530,"mix","PL","SA","SA",28,25
530,"mix","PL","SA","UR",15,39
531,"mix","AC","FE","AC",6,48
531,"mix","AC","FE","SA",2,30
531,"mix","AC","FE","UR",15,38
532,"split","SA","UR","AC",82,19
532,"split","SA","UR","SA",39,19
532,"split","SA","UR","UR",29,34
533,"mix","FE","UR","AC",15,12
533,"mix","FE","UR","SA",14,37
533,"mix","FE","UR","UR",26,25
534,"mix","FE","SA","AC",25,35
534,"mix","FE","SA","SA",37,47
534,"mix","FE","SA","UR",31,49
535,"split","AC","SA","AC",3,9
535,"split","AC","SA","SA",1,15
535,"split","AC","SA","UR",8,24
536,"mix","FE","PL","AC",20,10
536,"mix","FE","PL","SA",17,13
536,"mix","FE","PL","UR",31,45
537,"split","FE","UR","AC",25,18
537,"split","FE","UR","SA",19,24
537,"split","FE","UR","UR",45,47
538,"split","AC","UR","AC",24,45
538,"split","AC","UR","SA",12,31
538,"split","AC","UR","UR",13,44
539,"mix","AC","SA","AC",4,6
539,"mix","AC","SA","SA",6,14
539,"mix","AC","SA","UR",9,49
540,"bare",NA,NA,"AC",0,0
540,"bare",NA,NA,"SA",0,0
540,"bare",NA,NA,"UR",0,0
541,"mix","PL","UR","AC",12,15
541,"mix","PL","UR","SA",12,21
541,"mix","PL","UR","UR",14,15
542,"split","SA","UR","AC",41,36
542,"split","SA","UR","SA",63,27
542,"split","SA","UR","UR",40,23
543,"split","PL","SA","AC",66,21
543,"split","PL","SA","SA",30,36
543,"split","PL","SA","UR",23,45
544,"bare",NA,NA,"AC",0,0
544,"bare",NA,NA,"SA",0,0
544,"bare",NA,NA,"UR",0,0
545,"split","AC","FE","AC",8,29
545,"split","AC","FE","SA",5,20
545,"split","AC","FE","UR",8,23
546,"split","PL","UR","AC",31,13
546,"split","PL","UR","SA",21,17
546,"split","PL","UR","UR",7,16
547,"mix","SA","UR","AC",28,13
547,"mix","SA","UR","SA",8,16
547,"mix","SA","UR","UR",20,15
548,"split","FE","UR","AC",45,14
548,"split","FE","UR","SA",23,12
548,"split","FE","UR","UR",27,21
549,"mix","AC","UR","AC",11,17
549,"mix","AC","UR","SA",6,24
549,"mix","AC","UR","UR",9,29
550,"mix","FE","SA","AC",40,27
550,"mix","FE","SA","SA",42,23
550,"mix","FE","SA","UR",42,14
551,"mix","AC","SA","AC",6,8
551,"mix","AC","SA","SA",5,8
551,"mix","AC","SA","UR",9,40
552,"mix","FE","UR","AC",19,19
552,"mix","FE","UR","SA",28,24
552,"mix","FE","UR","UR",18,31
553,"split","AC","PL","AC",8,23
553,"split","AC","PL","SA",3,24
553,"split","AC","PL","UR",10,15
554,"mix","PL","UR","AC",14,21
554,"mix","PL","UR","SA",16,20
554,"mix","PL","UR","UR",20,20
555,"split","AC","SA","AC",8,9
555,"split","AC","SA","SA",2,34
555,"split","AC","SA","UR",6,13
556,"split","FE","PL","AC",17,13
556,"split","FE","PL","SA",27,9
556,"split","FE","PL","UR",43,8
557,"mix","FE","PL","AC",10,4
557,"mix","FE","PL","SA",11,13
557,"mix","FE","PL","UR",17,16
558,"mix","AC","PL","AC",7,35
558,"mix","AC","PL","SA",5,28
558,"mix","AC","PL","UR",1,12
559,"mix","AC","FE","AC",2,33
559,"mix","AC","FE","SA",2,22
559,"mix","AC","FE","UR",3,23
560,"mix","PL","SA","AC",28,35
560,"mix","PL","SA","SA",18,22
560,"mix","PL","SA","UR",36,63
561,"split","AC","UR","AC",5,27
561,"split","AC","UR","SA",3,18
561,"split","AC","UR","UR",7,24
562,"split","FE","SA","AC",23,33
562,"split","FE","SA","SA",15,51
562,"split","FE","SA","UR",11,40
563,"mix","FE","SA","AC",19,26
563,"mix","FE","SA","SA",22,43
563,"mix","FE","SA","UR",24,10
564,"mix","PL","SA","AC",3,10
564,"mix","PL","SA","SA",21,8
564,"mix","PL","SA","UR",30,44
565,"split","AC","PL","AC",3,9
565,"split","AC","PL","SA",6,21
565,"split","AC","PL","UR",9,9
566,"mix","FE","UR","AC",19,12
566,"mix","FE","UR","SA",28,21
566,"mix","FE","UR","UR",15,20
567,"split","PL","UR","AC",4,33
567,"split","PL","UR","SA",18,16
567,"split","PL","UR","UR",21,14
568,"split","SA","UR","AC",36,16
568,"split","SA","UR","SA",30,25
568,"split","SA","UR","UR",24,27
569,"split","PL","SA","AC",25,21
569,"split","PL","SA","SA",29,27
569,"split","PL","SA","UR",NA,NA
570,"mix","AC","SA","AC",3,29
570,"mix","AC","SA","SA",9,46
570,"mix","AC","SA","UR",4,17
571,"split","AC","FE","AC",5,34
571,"split","AC","FE","SA",3,17
571,"split","AC","FE","UR",1,18
572,"mix","AC","UR","AC",10,7
572,"mix","AC","UR","SA",6,8
572,"mix","AC","UR","UR",6,26
573,"mix","FE","PL","AC",23,23
573,"mix","FE","PL","SA",21,11
573,"mix","FE","PL","UR",34,19
574,"mix","AC","PL","AC",10,31
574,"mix","AC","PL","SA",11,33
574,"mix","AC","PL","UR",9,24
575,"bare",NA,NA,"AC",0,0
575,"bare",NA,NA,"SA",0,0
575,"bare",NA,NA,"UR",0,0
576,"split","FE","UR","AC",48,19
576,"split","FE","UR","SA",26,23
576,"split","FE","UR","UR",35,24
577,"split","AC","SA","AC",4,52
577,"split","AC","SA","SA",7,49
577,"split","AC","SA","UR",10,43
578,"split","AC","UR","AC",12,14
578,"split","AC","UR","SA",7,28
578,"split","AC","UR","UR",5,16
579,"split","FE","PL","AC",45,26
579,"split","FE","PL","SA",35,22
579,"split","FE","PL","UR",20,33
580,"mix","SA","UR","AC",56,26
580,"mix","SA","UR","SA",64,23
580,"mix","SA","UR","UR",28,49
581,"split","FE","SA","AC",31,35
581,"split","FE","SA","SA",44,56
581,"split","FE","SA","UR",53,71
582,"mix","AC","FE","AC",1,13
582,"mix","AC","FE","SA",1,14
582,"mix","AC","FE","UR",9,31
583,"mix","PL","UR","AC",7,11
583,"mix","PL","UR","SA",25,5
583,"mix","PL","UR","UR",28,17
584,"mix","FE","PL","AC",20,10
584,"mix","FE","PL","SA",21,8
584,"mix","FE","PL","UR",18,7
585,"mix","PL","UR","AC",16,14
585,"mix","PL","UR","SA",13,14
585,"mix","PL","UR","UR",16,20
586,"split","FE","SA","AC",50,19
586,"split","FE","SA","SA",25,30
586,"split","FE","SA","UR",14,39
587,"split","AC","FE","AC",6,16
587,"split","AC","FE","SA",6,4
587,"split","AC","FE","UR",7,19
588,"split","PL","SA","AC",20,23
588,"split","PL","SA","SA",9,48
588,"split","PL","SA","UR",31,54
589,"mix","FE","UR","AC",16,26
589,"mix","FE","UR","SA",17,20
589,"mix","FE","UR","UR",19,26
590,"mix","AC","UR","AC",1,21
590,"mix","AC","UR","SA",8,24
590,"mix","AC","UR","UR",3,28
591,"mix","AC","SA","AC",9,54
591,"mix","AC","SA","SA",6,59
591,"mix","AC","SA","UR",6,22
592,"bare",NA,NA,"AC",0,0
592,"bare",NA,NA,"SA",0,0
592,"bare",NA,NA,"UR",0,0
593,"mix","SA","UR","AC",54,17
593,"mix","SA","UR","SA",53,21
593,"mix","SA","UR","UR",53,22
594,"split","SA","UR","AC",36,21
594,"split","SA","UR","SA",36,19
594,"split","SA","UR","UR",40,21
595,"split","AC","SA","AC",5,15
595,"split","AC","SA","SA",2,30
595,"split","AC","SA","UR",12,37
596,"split","FE","PL","AC",22,47
596,"split","FE","PL","SA",25,17
596,"split","FE","PL","UR",18,29
597,"mix","FE","SA","AC",33,13
597,"mix","FE","SA","SA",30,12
597,"mix","FE","SA","UR",39,64
598,"split","PL","UR","AC",6,17
598,"split","PL","UR","SA",26,18
598,"split","PL","UR","UR",14,15
599,"split","FE","UR","AC",30,16
599,"split","FE","UR","SA",19,22
599,"split","FE","UR","UR",18,16
600,"mix","PL","SA","AC",28,37
600,"mix","PL","SA","SA",30,71
600,"mix","PL","SA","UR",21,47
601,"split","AC","UR","AC",6,19
601,"split","AC","UR","SA",11,21
601,"split","AC","UR","UR",6,18
602,"mix","AC","FE","AC",11,27
602,"mix","AC","FE","SA",17,31
602,"mix","AC","FE","UR",15,27
603,"split","AC","PL","AC",6,23
603,"split","AC","PL","SA",5,30
603,"split","AC","PL","UR",3,15
604,"mix","AC","PL","AC",9,30
604,"mix","AC","PL","SA",2,34
604,"mix","AC","PL","UR",2,18
605,"split","AC","FE","AC",5,7
605,"split","AC","FE","SA",3,15
605,"split","AC","FE","UR",4,28
606,"split","AC","UR","AC",6,1
606,"split","AC","UR","SA",3,19
606,"split","AC","UR","UR",3,26
607,"mix","PL","UR","AC",3,16
607,"mix","PL","UR","SA",11,11
607,"mix","PL","UR","UR",18,5
608,"mix","AC","UR","AC",8,13
608,"mix","AC","UR","SA",1,14
608,"mix","AC","UR","UR",1,5
609,"split","PL","SA","AC",17,33
609,"split","PL","SA","SA",8,50
609,"split","PL","SA","UR",32,38
610,"bare",NA,NA,"AC",NA,NA
610,"bare",NA,NA,"SA",NA,NA
610,"bare",NA,NA,"UR",NA,NA
611,"mix","FE","UR","AC",5,34
611,"mix","FE","UR","SA",6,33
611,"mix","FE","UR","UR",12,23
612,"split","AC","PL","AC",13,20
612,"split","AC","PL","SA",4,30
612,"split","AC","PL","UR",11,15
613,"split","AC","SA","AC",14,59
613,"split","AC","SA","SA",7,44
613,"split","AC","SA","UR",6,41
614,"split","FE","SA","AC",11,31
614,"split","FE","SA","SA",31,48
614,"split","FE","SA","UR",30,42
615,"mix","AC","SA","AC",3,42
615,"mix","AC","SA","SA",5,38
615,"mix","AC","SA","UR",13,63
616,"split","SA","UR","AC",17,19
616,"split","SA","UR","SA",56,24
616,"split","SA","UR","UR",48,28
617,"split","FE","PL","AC",42,14
617,"split","FE","PL","SA",20,2
617,"split","FE","PL","UR",30,25
618,"mix","SA","UR","AC",13,42
618,"mix","SA","UR","SA",54,41
618,"mix","SA","UR","UR",17,16
619,"mix","AC","FE","AC",7,33
619,"mix","AC","FE","SA",14,30
619,"mix","AC","FE","UR",12,31
620,"mix","AC","PL","AC",7,19
620,"mix","AC","PL","SA",5,8
620,"mix","AC","PL","UR",12,16
621,"mix","FE","PL","AC",41,11
621,"mix","FE","PL","SA",27,12
621,"mix","FE","PL","UR",26,12
622,"mix","FE","SA","AC",34,32
622,"mix","FE","SA","SA",30,54
622,"mix","FE","SA","UR",14,57
623,"split","FE","UR","AC",26,33
623,"split","FE","UR","SA",19,15
623,"split","FE","UR","UR",21,36
624,"split","PL","UR","AC",16,39
624,"split","PL","UR","SA",19,36
624,"split","PL","UR","UR",25,20
625,"mix","PL","SA","AC",23,47
625,"mix","PL","SA","SA",26,62
625,"mix","PL","SA","UR",18,30
626,"split","AC","FE","AC",4,22
626,"split","AC","FE","SA",5,18
626,"split","AC","FE","UR",7,4
627,"split","SA","UR","AC",18,21
627,"split","SA","UR","SA",23,52
627,"split","SA","UR","UR",34,32
628,"split","PL","SA","AC",49,74
628,"split","PL","SA","SA",38,21
628,"split","PL","SA","UR",21,10
629,"split","AC","PL","AC",14,24
629,"split","AC","PL","SA",4,19
629,"split","AC","PL","UR",8,10
630,"split","PL","UR","AC",17,16
630,"split","PL","UR","SA",31,17
630,"split","PL","UR","UR",19,38
631,"mix","FE","SA","AC",19,48
631,"mix","FE","SA","SA",16,38
631,"mix","FE","SA","UR",22,45
632,"split","FE","SA","AC",32,21
632,"split","FE","SA","SA",14,68
632,"split","FE","SA","UR",15,65
633,"split","AC","UR","AC",3,5
633,"split","AC","UR","SA",6,6
633,"split","AC","UR","UR",3,8
634,"split","FE","UR","AC",14,10
634,"split","FE","UR","SA",21,3
634,"split","FE","UR","UR",34,30
635,"bare",NA,NA,"AC",NA,NA
635,"bare",NA,NA,"SA",NA,NA
635,"bare",NA,NA,"UR",NA,NA
636,"mix","FE","PL","AC",22,40
636,"mix","FE","PL","SA",18,29
636,"mix","FE","PL","UR",19,12
637,"split","AC","SA","AC",13,34
637,"split","AC","SA","SA",14,38
637,"split","AC","SA","UR",15,28
638,"mix","AC","UR","AC",8,10
638,"mix","AC","UR","SA",12,24
638,"mix","AC","UR","UR",13,23
639,"mix","SA","UR","AC",39,30
639,"mix","SA","UR","SA",46,23
639,"mix","SA","UR","UR",21,26
640,"split","FE","PL","AC",11,26
640,"split","FE","PL","SA",26,36
640,"split","FE","PL","UR",17,20
641,"mix","PL","SA","AC",30,30
641,"mix","PL","SA","SA",20,18
641,"mix","PL","SA","UR",16,8
642,"mix","AC","PL","AC",11,26
642,"mix","AC","PL","SA",16,21
642,"mix","AC","PL","UR",3,28
643,"mix","FE","UR","AC",9,13
643,"mix","FE","UR","SA",23,9
643,"mix","FE","UR","UR",13,12
644,"mix","AC","SA","AC",5,40
644,"mix","AC","SA","SA",7,61
644,"mix","AC","SA","UR",4,41
645,"mix","AC","FE","AC",13,38
645,"mix","AC","FE","SA",3,33
645,"mix","AC","FE","UR",5,29
646,"mix","PL","UR","AC",18,13
646,"mix","PL","UR","SA",NA,NA
646,"mix","PL","UR","UR",26,10
647,"split","AC","SA","AC",6,40
647,"split","AC","SA","SA",5,45
647,"split","AC","SA","UR",5,25
648,"mix","AC","FE","AC",3,28
648,"mix","AC","FE","SA",7,20
648,"mix","AC","FE","UR",10,21
649,"split","AC","FE","AC",3,20
649,"split","AC","FE","SA",2,16
649,"split","AC","FE","UR",2,7
650,"mix","PL","UR","AC",4,7
650,"mix","PL","UR","SA",11,13
650,"mix","PL","UR","UR",19,11
651,"mix","PL","SA","AC",15,36
651,"mix","PL","SA","SA",22,31
651,"mix","PL","SA","UR",25,29
652,"mix","FE","UR","AC",6,19
652,"mix","FE","UR","SA",24,9
652,"mix","FE","UR","UR",15,19
653,"mix","SA","UR","AC",20,32
653,"mix","SA","UR","SA",19,28
653,"mix","SA","UR","UR",19,18
654,"split","AC","UR","AC",2,27
654,"split","AC","UR","SA",NA,NA
654,"split","AC","UR","UR",6,16
655,"mix","FE","SA","AC",20,20
655,"mix","FE","SA","SA",18,34
655,"mix","FE","SA","UR",12,29
656,"mix","AC","SA","AC",4,30
656,"mix","AC","SA","SA",10,25
656,"mix","AC","SA","UR",7,12
657,"split","FE","SA","AC",17,21
657,"split","FE","SA","SA",27,26
657,"split","FE","SA","UR",24,2
658,"bare",NA,NA,"AC",NA,NA
658,"bare",NA,NA,"SA",NA,NA
658,"bare",NA,NA,"UR",NA,NA
659,"mix","AC","PL","AC",5,34
659,"mix","AC","PL","SA",6,11
659,"mix","AC","PL","UR",8,11
660,"split","PL","SA","AC",35,31
660,"split","PL","SA","SA",12,28
660,"split","PL","SA","UR",33,41
661,"mix","AC","UR","AC",6,13
661,"mix","AC","UR","SA",8,20
661,"mix","AC","UR","UR",5,18
662,"split","FE","UR","AC",41,4
662,"split","FE","UR","SA",27,17
662,"split","FE","UR","UR",14,20
663,"mix","FE","PL","AC",34,11
663,"mix","FE","PL","SA",30,8
663,"mix","FE","PL","UR",28,7
664,"split","PL","UR","AC",33,27
664,"split","PL","UR","SA",13,26
664,"split","PL","UR","UR",18,13
665,"split","FE","PL","AC",32,46
665,"split","FE","PL","SA",49,36
665,"split","FE","PL","UR",14,11
666,"split","SA","UR","AC",12,34
666,"split","SA","UR","SA",27,13
666,"split","SA","UR","UR",34,12
667,"split","AC","PL","AC",7,32
667,"split","AC","PL","SA",7,64
667,"split","AC","PL","UR",10,53
668,"mix","FE","UR","AC",30,8
668,"mix","FE","UR","SA",34,6
668,"mix","FE","UR","UR",41,11
669,"split","SA","UR","AC",66,4
669,"split","SA","UR","SA",29,18
669,"split","SA","UR","UR",40,21
670,"mix","PL","UR","AC",34,10
670,"mix","PL","UR","SA",NA,NA
670,"mix","PL","UR","UR",20,17
671,"split","FE","SA","AC",47,43
671,"split","FE","SA","SA",26,72
671,"split","FE","SA","UR",30,28
672,"split","FE","PL","AC",29,7
672,"split","FE","PL","SA",42,15
672,"split","FE","PL","UR",14,10
673,"split","AC","UR","AC",4,4
673,"split","AC","UR","SA",5,27
673,"split","AC","UR","UR",21,16
674,"mix","AC","PL","AC",5,33
674,"mix","AC","PL","SA",10,58
674,"mix","AC","PL","UR",4,45
675,"mix","FE","SA","AC",33,85
675,"mix","FE","SA","SA",21,49
675,"mix","FE","SA","UR",27,11
676,"split","PL","SA","AC",36,34
676,"split","PL","SA","SA",25,46
676,"split","PL","SA","UR",31,21
677,"split","AC","PL","AC",12,31
677,"split","AC","PL","SA",4,61
677,"split","AC","PL","UR",10,59
678,"mix","AC","FE","AC",13,45
678,"mix","AC","FE","SA",18,52
678,"mix","AC","FE","UR",22,80
679,"split","AC","SA","AC",9,72
679,"split","AC","SA","SA",9,78
679,"split","AC","SA","UR",7,66
680,"split","FE","UR","AC",71,24
680,"split","FE","UR","SA",39,23
680,"split","FE","UR","UR",19,19
681,"mix","AC","SA","AC",3,35
681,"mix","AC","SA","SA",4,50
681,"mix","AC","SA","UR",7,58
682,"split","PL","UR","AC",19,37
682,"split","PL","UR","SA",8,17
682,"split","PL","UR","UR",15,22
683,"mix","SA","UR","AC",11,24
683,"mix","SA","UR","SA",10,22
683,"mix","SA","UR","UR",41,29
684,"mix","AC","UR","AC",10,32
684,"mix","AC","UR","SA",9,40
684,"mix","AC","UR","UR",11,23
685,"mix","FE","PL","AC",32,93
685,"mix","FE","PL","SA",18,67
685,"mix","FE","PL","UR",24,60
686,"split","AC","FE","AC",11,41
686,"split","AC","FE","SA",4,46
686,"split","AC","FE","UR",7,32
687,"mix","PL","SA","AC",26,49
687,"mix","PL","SA","SA",34,51
687,"mix","PL","SA","UR",38,40
688,"bare",NA,NA,"AC",NA,NA
688,"bare",NA,NA,"SA",NA,NA
688,"bare",NA,NA,"UR",NA,NA
689,"split","SA","UR","AC",50,29
689,"split","SA","UR","SA",55,30
689,"split","SA","UR","UR",19,22
690,"split","PL","UR","AC",7,14
690,"split","PL","UR","SA",28,13
690,"split","PL","UR","UR",18,15
691,"mix","AC","SA","AC",5,45
691,"mix","AC","SA","SA",7,81
691,"mix","AC","SA","UR",3,81
692,"split","FE","SA","AC",32,23
692,"split","FE","SA","SA",35,43
692,"split","FE","SA","UR",39,51
693,"mix","FE","SA","AC",20,54
693,"mix","FE","SA","SA",26,61
693,"mix","FE","SA","UR",33,47
694,"mix","FE","UR","AC",13,30
694,"mix","FE","UR","SA",24,22
694,"mix","FE","UR","UR",27,27
695,"split","AC","UR","AC",9,13
695,"split","AC","UR","SA",1,24
695,"split","AC","UR","UR",3,16
696,"mix","FE","PL","AC",10,12
696,"mix","FE","PL","SA",30,14
696,"mix","FE","PL","UR",33,8
697,"split","FE","PL","AC",39,15
697,"split","FE","PL","SA",22,8
697,"split","FE","PL","UR",36,6
698,"mix","AC","PL","AC",8,29
698,"mix","AC","PL","SA",3,21
698,"mix","AC","PL","UR",5,36
699,"bare",NA,NA,"AC",NA,NA
699,"bare",NA,NA,"SA",NA,NA
699,"bare",NA,NA,"UR",NA,NA
700,"split","FE","UR","AC",45,23
700,"split","FE","UR","SA",39,29
700,"split","FE","UR","UR",42,37
701,"mix","PL","UR","AC",26,31
701,"mix","PL","UR","SA",13,24
701,"mix","PL","UR","UR",27,30
702,"mix","PL","SA","AC",44,66
702,"mix","PL","SA","SA",23,59
702,"mix","PL","SA","UR",18,61
703,"split","PL","SA","AC",29,75
703,"split","PL","SA","SA",23,60
703,"split","PL","SA","UR",18,58
704,"mix","AC","FE","AC",6,49
704,"mix","AC","FE","SA",5,20
704,"mix","AC","FE","UR",6,30
705,"mix","SA","UR","AC",76,33
705,"mix","SA","UR","SA",54,40
705,"mix","SA","UR","UR",60,16
706,"split","AC","PL","AC",13,8
706,"split","AC","PL","SA",4,11
706,"split","AC","PL","UR",12,8
707,"split","AC","FE","AC",1,39
707,"split","AC","FE","SA",2,6
707,"split","AC","FE","UR",2,6
708,"split","AC","SA","AC",18,6
708,"split","AC","SA","SA",9,25
708,"split","AC","SA","UR",7,24
709,"mix","AC","UR","AC",10,32
709,"mix","AC","UR","SA",1,23
709,"mix","AC","UR","UR",4,45
710,"mix","AC","SA","AC",4,23
710,"mix","AC","SA","SA",8,64
710,"mix","AC","SA","UR",11,55
711,"mix","AC","FE","AC",10,25
711,"mix","AC","FE","SA",17,40
711,"mix","AC","FE","UR",15,38
712,"split","AC","FE","AC",1,16
712,"split","AC","FE","SA",8,18
712,"split","AC","FE","UR",5,27
713,"split","AC","UR","AC",4,13
713,"split","AC","UR","SA",8,12
713,"split","AC","UR","UR",3,13
714,"mix","PL","SA","AC",9,62
714,"mix","PL","SA","SA",25,60
714,"mix","PL","SA","UR",13,27
715,"split","FE","PL","AC",52,35
715,"split","FE","PL","SA",28,14
715,"split","FE","PL","UR",33,17
716,"mix","AC","PL","AC",8,14
716,"mix","AC","PL","SA",13,38
716,"mix","AC","PL","UR",20,31
717,"split","PL","UR","AC",29,12
717,"split","PL","UR","SA",13,14
717,"split","PL","UR","UR",27,14
718,"split","AC","SA","AC",19,27
718,"split","AC","SA","SA",19,27
718,"split","AC","SA","UR",1,50
719,"mix","SA","UR","AC",37,21
719,"mix","SA","UR","SA",66,32
719,"mix","SA","UR","UR",66,32
720,"mix","FE","PL","AC",45,21
720,"mix","FE","PL","SA",58,49
720,"mix","FE","PL","UR",26,30
721,"mix","PL","UR","AC",80,15
721,"mix","PL","UR","SA",83,18
721,"mix","PL","UR","UR",67,22
722,"bare",NA,NA,"AC",NA,NA
722,"bare",NA,NA,"SA",NA,NA
722,"bare",NA,NA,"UR",NA,NA
723,"mix","AC","UR","AC",0,24
723,"mix","AC","UR","SA",1,7
723,"mix","AC","UR","UR",12,23
724,"mix","FE","UR","AC",30,34
724,"mix","FE","UR","SA",44,26
724,"mix","FE","UR","UR",34,35
725,"split","FE","SA","AC",34,19
725,"split","FE","SA","SA",18,26
725,"split","FE","SA","UR",14,50
726,"mix","FE","SA","AC",22,15
726,"mix","FE","SA","SA",25,48
726,"mix","FE","SA","UR",42,40
727,"split","SA","UR","AC",7,5
727,"split","SA","UR","SA",47,8
727,"split","SA","UR","UR",32,14
728,"split","PL","SA","AC",27,61
728,"split","PL","SA","SA",31,54
728,"split","PL","SA","UR",21,43
729,"split","AC","PL","AC",2,36
729,"split","AC","PL","SA",2,20
729,"split","AC","PL","UR",4,27
730,"split","FE","UR","AC",18,19
730,"split","FE","UR","SA",35,21
730,"split","FE","UR","UR",24,19
731,"mix","FE","PL","AC",18,10
731,"mix","FE","PL","SA",13,11
731,"mix","FE","PL","UR",24,17
732,"split","AC","FE","AC",2,26
732,"split","AC","FE","SA",3,19
732,"split","AC","FE","UR",8,27
733,"mix","PL","UR","AC",25,11
733,"mix","PL","UR","SA",24,20
733,"mix","PL","UR","UR",21,26
734,"mix","SA","UR","AC",38,7
734,"mix","SA","UR","SA",16,21
734,"mix","SA","UR","UR",14,18
735,"bare",NA,NA,"AC",NA,NA
735,"bare",NA,NA,"SA",NA,NA
735,"bare",NA,NA,"UR",NA,NA
736,"split","PL","UR","AC",21,17
736,"split","PL","UR","SA",12,9
736,"split","PL","UR","UR",30,19
737,"split","AC","SA","AC",9,54
737,"split","AC","SA","SA",4,34
737,"split","AC","SA","UR",3,16
738,"mix","AC","UR","AC",14,9
738,"mix","AC","UR","SA",4,20
738,"mix","AC","UR","UR",8,24
739,"mix","AC","PL","AC",15,23
739,"mix","AC","PL","SA",3,6
739,"mix","AC","PL","UR",2,12
740,"mix","AC","FE","AC",18,42
740,"mix","AC","FE","SA",7,19
740,"mix","AC","FE","UR",6,40
741,"split","FE","UR","AC",12,18
741,"split","FE","UR","SA",5,9
741,"split","FE","UR","UR",6,26
742,"split","AC","PL","AC",9,73
742,"split","AC","PL","SA",11,31
742,"split","AC","PL","UR",NA,NA
743,"split","AC","UR","AC",6,11
743,"split","AC","UR","SA",NA,NA
743,"split","AC","UR","UR",12,29
744,"mix","FE","UR","AC",18,23
744,"mix","FE","UR","SA",16,19
744,"mix","FE","UR","UR",34,18
745,"split","FE","SA","AC",24,39
745,"split","FE","SA","SA",19,42
745,"split","FE","SA","UR",24,40
746,"mix","PL","SA","AC",13,19
746,"mix","PL","SA","SA",17,23
746,"mix","PL","SA","UR",25,35
747,"split","PL","SA","AC",23,27
747,"split","PL","SA","SA",33,8
747,"split","PL","SA","UR",16,30
748,"mix","AC","SA","AC",7,34
748,"mix","AC","SA","SA",5,22
748,"mix","AC","SA","UR",9,24
749,"split","FE","PL","AC",25,16
749,"split","FE","PL","SA",26,11
749,"split","FE","PL","UR",16,18
750,"mix","FE","SA","AC",34,33
750,"mix","FE","SA","SA",47,56
750,"mix","FE","SA","UR",35,58
751,"split","SA","UR","AC",52,18
751,"split","SA","UR","SA",27,11
751,"split","SA","UR","UR",22,10
752,"split","AC","SA","AC",12,19
752,"split","AC","SA","SA",6,24
752,"split","AC","SA","UR",5,13
753,"split","AC","FE","AC",3,23
753,"split","AC","FE","SA",3,22
753,"split","AC","FE","UR",1,19
754,"mix","SA","UR","AC",37,13
754,"mix","SA","UR","SA",22,19
754,"mix","SA","UR","UR",25,19
755,"mix","AC","PL","AC",7,16
755,"mix","AC","PL","SA",8,18
755,"mix","AC","PL","UR",10,27
756,"split","SA","UR","AC",9,14
756,"split","SA","UR","SA",28,9
756,"split","SA","UR","UR",7,19
757,"mix","AC","SA","AC",11,23
757,"mix","AC","SA","SA",5,37
757,"mix","AC","SA","UR",5,27
758,"mix","AC","FE","AC",3,11
758,"mix","AC","FE","SA",4,14
758,"mix","AC","FE","UR",6,29
759,"bare",NA,NA,"AC",NA,NA
759,"bare",NA,NA,"SA",NA,NA
759,"bare",NA,NA,"UR",NA,NA
760,"mix","PL","UR","AC",12,18
760,"mix","PL","UR","SA",11,16
760,"mix","PL","UR","UR",22,26
761,"mix","FE","PL","AC",16,20
761,"mix","FE","PL","SA",38,17
761,"mix","FE","PL","UR",29,21
762,"split","PL","SA","AC",21,50
762,"split","PL","SA","SA",36,37
762,"split","PL","SA","UR",9,40
763,"split","AC","UR","AC",11,18
763,"split","AC","UR","SA",4,16
763,"split","AC","UR","UR",8,9
764,"split","FE","UR","AC",38,23
764,"split","FE","UR","SA",26,21
764,"split","FE","UR","UR",52,19
765,"split","FE","SA","AC",49,47
765,"split","FE","SA","SA",28,48
765,"split","FE","SA","UR",39,51
766,"mix","PL","SA","AC",26,29
766,"mix","PL","SA","SA",37,15
766,"mix","PL","SA","UR",48,22
767,"mix","AC","UR","AC",7,22
767,"mix","AC","UR","SA",14,19
767,"mix","AC","UR","UR",16,30
768,"mix","FE","SA","AC",27,10
768,"mix","FE","SA","SA",34,27
768,"mix","FE","SA","UR",23,10
769,"split","AC","PL","AC",5,21
769,"split","AC","PL","SA",11,19
769,"split","AC","PL","UR",12,23
770,"split","PL","UR","AC",33,25
770,"split","PL","UR","SA",15,22
770,"split","PL","UR","UR",23,20
771,"mix","FE","UR","AC",26,10
771,"mix","FE","UR","SA",34,9
771,"mix","FE","UR","UR",39,20
772,"split","FE","PL","AC",21,9
772,"split","FE","PL","SA",20,13
772,"split","FE","PL","UR",37,12
773,"split","PL","SA","AC",19,28
773,"split","PL","SA","SA",25,46
773,"split","PL","SA","UR",54,35
774,"mix","SA","UR","AC",69,17
774,"mix","SA","UR","SA",25,14
774,"mix","SA","UR","UR",19,24
775,"split","FE","SA","AC",44,15
775,"split","FE","SA","SA",28,55
775,"split","FE","SA","UR",24,43
776,"split","AC","FE","AC",4,3
776,"split","AC","FE","SA",1,4
776,"split","AC","FE","UR",6,1
777,"mix","AC","PL","AC",16,18
777,"mix","AC","PL","SA",10,17
777,"mix","AC","PL","UR",9,12
778,"mix","PL","SA","AC",15,18
778,"mix","PL","SA","SA",20,35
778,"mix","PL","SA","UR",15,34
779,"split","FE","UR","AC",42,16
779,"split","FE","UR","SA",23,71
779,"split","FE","UR","UR",36,21
780,"mix","FE","PL","AC",30,14
780,"mix","FE","PL","SA",17,24
780,"mix","FE","PL","UR",25,32
781,"bare",NA,NA,"AC",NA,NA
781,"bare",NA,NA,"SA",NA,NA
781,"bare",NA,NA,"UR",NA,NA
782,"mix","AC","UR","AC",5,18
782,"mix","AC","UR","SA",13,22
782,"mix","AC","UR","UR",12,19
783,"split","SA","UR","AC",37,18
783,"split","SA","UR","SA",35,9
783,"split","SA","UR","UR",36,34
784,"split","AC","SA","AC",9,68
784,"split","AC","SA","SA",8,44
784,"split","AC","SA","UR",7,59
785,"split","AC","PL","AC",22,13
785,"split","AC","PL","SA",NA,NA
785,"split","AC","PL","UR",4,30
786,"split","PL","UR","AC",39,10
786,"split","PL","UR","SA",15,17
786,"split","PL","UR","UR",13,15
787,"mix","FE","SA","AC",29,27
787,"mix","FE","SA","SA",51,41
787,"mix","FE","SA","UR",20,50
788,"mix","AC","FE","AC",5,33
788,"mix","AC","FE","SA",10,35
788,"mix","AC","FE","UR",9,17
789,"mix","AC","SA","AC",5,8
789,"mix","AC","SA","SA",11,64
789,"mix","AC","SA","UR",3,30
790,"mix","FE","UR","AC",27,22
790,"mix","FE","UR","SA",29,10
790,"mix","FE","UR","UR",33,21
791,"mix","PL","UR","AC",11,18
791,"mix","PL","UR","SA",13,27
791,"mix","PL","UR","UR",12,36
792,"split","FE","PL","AC",NA,NA
792,"split","FE","PL","SA",77,12
792,"split","FE","PL","UR",26,6
793,"split","AC","UR","AC",15,10
793,"split","AC","UR","SA",4,24
793,"split","AC","UR","UR",7,19
794,"split","AC","FE","AC",5,28
794,"split","AC","FE","SA",16,47
794,"split","AC","FE","UR",20,28
795,"mix","PL","SA","AC",NA,NA
795,"mix","PL","SA","SA",15,63
795,"mix","PL","SA","UR",6,21
796,"mix","AC","FE","AC",5,25
796,"mix","AC","FE","SA",9,23
796,"mix","AC","FE","UR",9,22
797,"mix","FE","SA","AC",16,12
797,"mix","FE","SA","SA",30,21
797,"mix","FE","SA","UR",31,24
798,"split","PL","SA","AC",11,17
798,"split","PL","SA","SA",14,24
798,"split","PL","SA","UR",3,36
799,"split","FE","SA","AC",34,33
799,"split","FE","SA","SA",23,50
799,"split","FE","SA","UR",21,60
800,"split","SA","UR","AC",20,7
800,"split","SA","UR","SA",37,14
800,"split","SA","UR","UR",40,8
801,"split","FE","PL","AC",32,29
801,"split","FE","PL","SA",37,11
801,"split","FE","PL","UR",30,17
802,"split","FE","UR","AC",36,6
802,"split","FE","UR","SA",31,17
802,"split","FE","UR","UR",33,16
803,"mix","FE","PL","AC",36,3
803,"mix","FE","PL","SA",34,3
803,"mix","FE","PL","UR",26,9
804,"mix","AC","PL","AC",1,43
804,"mix","AC","PL","SA",0,15
804,"mix","AC","PL","UR",3,0
805,"split","AC","PL","AC",4,10
805,"split","AC","PL","SA",3,16
805,"split","AC","PL","UR",7,10
806,"split","AC","SA","AC",4,50
806,"split","AC","SA","SA",11,25
806,"split","AC","SA","UR",5,30
807,"bare",NA,NA,"AC",NA,NA
807,"bare",NA,NA,"SA",NA,NA
807,"bare",NA,NA,"UR",NA,NA
808,"mix","FE","UR","AC",26,5
808,"mix","FE","UR","SA",31,9
808,"mix","FE","UR","UR",26,12
809,"split","AC","UR","AC",5,22
809,"split","AC","UR","SA",8,15
809,"split","AC","UR","UR",1,17
810,"mix","AC","SA","AC",5,29
810,"mix","AC","SA","SA",2,19
810,"mix","AC","SA","UR",1,46
811,"mix","PL","UR","AC",10,21
811,"mix","PL","UR","SA",12,17
811,"mix","PL","UR","UR",6,15
812,"split","PL","UR","AC",21,24
812,"split","PL","UR","SA",18,19
812,"split","PL","UR","UR",25,33
813,"mix","SA","UR","AC",18,21
813,"mix","SA","UR","SA",21,22
813,"mix","SA","UR","UR",17,28
814,"mix","AC","UR","AC",7,25
814,"mix","AC","UR","SA",3,11
814,"mix","AC","UR","UR",3,10
